Crack.Length,Arb.Value
74.8,0.000262798693867
137.9,0.00102433928181
233,0.00360478366947
327.7,0.00731681254172
414.8,0.0120713218694
